id,description,photo,youtubeEmbed,iframeEmbed,newsLink
4550,,https://i.imgur.com/SDChZQg.png,,,
4753,,https://i.imgur.com/rzqY43i.png,,,
4466,,https://i.imgur.com/UJaIbOB.png,Mi1ESWzSb3A,,
4979,,https://i.imgur.com/l7Zzq6x.png,,,
4422,,,Ki0j3ZncFIQ,,
4773,,https://i.imgur.com/KTMk5f6.png,,,
4692,,https://i.imgur.com/N5FepnD.png,,,
5042,,https://i.imgur.com/daMnfbZ.png,,,https://www.wafb.com/2019/09/14/deputy-involved-shooting-reported-near-jefferson-highway/
5099,,,Wq4U9cxLJf4,,https://www.wafb.com/2019/10/18/family-man-killed-deputy-involved-shooting-calling-officer-responsible-be-fired-arrested/
4463,,https://i.imgur.com/zUsKeWN.png,,"<video playsinline="""" poster=""https://www.gannett-cdn.com/presto/2018/11/16/PPES/ffb85dc6-9348-4c67-9956-e3b1a80797bd-nailthumb.jpg?width=540"" style=""width: 540px; height: 304px;"" title=""Crime wrap-up: Sibling dispute led to officer-involved shooting"" src=""https://media.gannett-cdn.com/28911775001/28911775001_6005923877001_6005916099001.mp4""></video>",https://www.wgal.com/article/man-attacks-brother-with-knife-state-trooper-shoots-and-kills-him-police-say/26338133
4683,,https://i.imgur.com/kXUbDfC.png,,,https://www.oregonlive.com/portland/2019/05/man-shot-by-cops-after-stabbing-4-had-been-released-from-jail-because-of-mistrial.html
4926,,https://i.imgur.com/LSyi3dt.png,,"<div class=""scripps_iframe_embed"" style=""position:relative;""><div style=""display:block;width:100%;height:auto;padding-bottom:56.25%;""></div><iframe style=""position:absolute;top:0;left:0;width:100%; height:100%;"" border=""0"" height=""100%"" frameborder=""0"" webkitallowfullscreen="""" allowfullscreen="""" mozallowfullscreen="""" scrolling=""no"" scrolling=""no"" src=""https://assets.scrippsdigital.com/cms/videoIframe.html?&host=www.abcactionnews.com&title=Hillsborough%20deputy%20shoots%2C%20kills%20man%20charging%20him%20with%20knife%2C%20Sheriff%20says&m3u8=https://content.uplynk.com/5495a4a909204e3d8ae603ff86888b83.m3u8&purl=/news/region-hillsborough/hillsborough-sheriffs-office-responding-to-deputy-involved-shooting&story=0&ex=1&s=wfts""></iframe></div>",https://www.tampabay.com/news/publicsafety/deputy-was-forced-to-shoot-man-wielding-knife-after-retreating-some-150-feet-chronister-says-20190802/
5232,,https://i.imgur.com/9wY2o7h.png,,"<iframe scrolling=""no"" frameborder=""0"" allowfullscreen webkitallowfullscreen mozallowfullscreen allow=""autoplay; fullscreen"" src=""https://w3.cdn.anvato.net/player/prod/v3/anvload.html?key=eyJtIjoiTElOIiwidiI6IjQyMDU4MDYiLCJhbnZhY2siOiJFWm1yUjRFdjV4WW5NZmRiWTVUUGM3bmFLbXkzMk1LcCIsInNoYXJlTGluayI6Imh0dHBzOi8vd3d3Lmtyb240LmNvbS9uZXdzL2JheS1hcmVhL2NvbmNvcmQtcG9saWNlLXJlbGVhc2UtbmV3LWJvZHktY2FtLWZvb3RhZ2Utb2YtZGVhZGx5LW9mZmljZXItaW52b2x2ZWQtc2hvb3RpbmcvIiwicGx1Z2lucyI6eyJjb21zY29yZSI6eyJjbGllbnRJZCI6IjYwMzY0MzkiLCJjMyI6Imtyb240LmNvbSIsInNjcmlwdCI6Ii8vdzMuY2RuLmFudmF0by5uZXQvcGxheWVyL3Byb2QvdjMvcGx1Z2lucy9jb21zY29yZS9jb21zY29yZXBsdWdpbi5taW4uanMiLCJ1c2VEZXJpdmVkTWV0YWRhdGEiOnRydWUsIm1hcHBpbmciOnsidmlkZW8iOnsiYzMiOiJrcm9uNC5jb20iLCJuc19zdF9zdCI6Imtyb24iLCJuc19zdF9wdSI6Ik5leHN0YXIiLCJuc19zdF9nZSI6Ik5ld3MsVmlkZW8sS1JPTiBPTixCYXkgQXJlYSJ9LCJhZCI6eyJjMyI6Imtyb240LmNvbSIsIm5zX3N0X3N0Ijoia3JvbiIsIm5zX3N0X3B1IjoiTmV4c3RhciIsIm5zX3N0X2dlIjoiTmV3cyxWaWRlbyxLUk9OIE9OLEJheSBBcmVhIn19fSwiZGZwIjp7ImNsaWVudFNpZGUiOnsiYWRUYWdVcmwiOiJodHRwczovL3B1YmFkcy5nLmRvdWJsZWNsaWNrLm5ldC9nYW1wYWQvYWRzP3N6PTF4MTAwMCZpdT0vNTY3OC9tZy5rcm9uL25ld3MvYmF5X2FyZWEmaW1wbD1zJmdkZnBfcmVxPTEmZW52PXZwJm91dHB1dD12bWFwJnVudmlld2VkX3Bvc2l0aW9uX3N0YXJ0PTEmdmlkPXNob3J0X29uZWN1ZSZjbXNpZD0xMjM0JnVybD1odHRwczovL3d3dy5rcm9uNC5jb20vbmV3cy9iYXktYXJlYS9jb25jb3JkLXBvbGljZS1yZWxlYXNlLW5ldy1ib2R5LWNhbS1mb290YWdlLW9mLWRlYWRseS1vZmZpY2VyLWludm9sdmVkLXNob290aW5nLyZjaXVfc3pzPTcyOHg5MCwzMDB4MjUwJmFkX3J1bGU9MSZkZXNjcmlwdGlvbl91cmw9aHR0cHM6Ly93d3cua3JvbjQuY29tL25ld3MvYmF5LWFyZWEvY29uY29yZC1wb2xpY2UtcmVsZWFzZS1uZXctYm9keS1jYW0tZm9vdGFnZS1vZi1kZWFkbHktb2ZmaWNlci1pbnZvbHZlZC1zaG9vdGluZy8mY3VzdF9wYXJhbXM9dmlkJTNENDIwNTgwNiUyNmNtc2lkJTNEMjc4NDMxJTI2cGlkJTNEMjc4NDMxJTI2dmlkY2F0JTNEJTJGbmV3cyUyRmJheV9hcmVhJTI2Ym9iX2NrJTNEJTVCYm9iX2NrX3ZhbCU1RCUyNmRfY29kZSUzRG5hMDAzJTI2cGxheWVyd2lkdGglM0Q2NTklMjZwbGF5ZXJoZWlnaHQlM0QzNzEifSwibGlicmFyeVJlcXVlc3RlZCI6dHJ1ZX0sImdvb2dsZUFuYWx5dGljcyI6eyJ0cmFja2luZ0lkIjoiVUEtNTc0MTcwOTQtMTIiLCJldmVudHMiOnsiQURfU1RBUlRFRCI6eyJhbGlhcyI6IlZpZGVvLUFkIiwiY2F0ZWdvcnkiOiJWaWRlbyIsImxhYmVsIjoiW1tUSVRMRV1dIn0sIlZJREVPX1NUQVJURUQiOnsiYWxpYXMiOiJWaWRlby1QbGF5IiwiY2F0ZWdvcnkiOiJWaWRlbyIsImxhYmVsIjoiW1tUSVRMRV1dIn0sIlZJREVPX0ZJUlNUX1FVQVJUSUxFIjp7ImFsaWFzIjoiVmlkZW8tMjUlIiwiY2F0ZWdvcnkiOiJWaWRlbyIsImxhYmVsIjoiW1tUSVRMRV1dIn0sIlZJREVPX01JRF9QT0lOVCI6eyJhbGlhcyI6IlZpZGVvLTUwJSIsImNhdGVnb3J5IjoiVmlkZW8iLCJsYWJlbCI6IltbVElUTEVdXSJ9LCJWSURFT19USElSRF9RVUFSVElMRSI6eyJhbGlhcyI6IlZpZGVvLTc1JSIsImNhdGVnb3J5IjoiVmlkZW8iLCJsYWJlbCI6IltbVElUTEVdXSJ9LCJWSURFT19DT01QTEVURUQiOnsiYWxpYXMiOiJWaWRlby0xMDAlIiwiY2F0ZWdvcnkiOiJWaWRlbyIsImxhYmVsIjoiW1tUSVRMRV1dIn0sIlVTRVJfUEFVU0UiOnsiYWxpYXMiOiJQYXVzZSIsImNhdGVnb3J5IjoiVmlkZW8iLCJsYWJlbCI6IltbVElUTEVdXSJ9LCJVU0VSX1JFU1VNRSI6eyJhbGlhcyI6IlJlc3VtZSIsImNhdGVnb3J5IjoiVmlkZW8iLCJsYWJlbCI6IltbVElUTEVdXSJ9fX0sImhlYWx0aEFuYWx5dGljcyI6e319LCJodG1sNSI6dHJ1ZSwidG9rZW4iOiJleUowZVhBaU9pSktWMVFpTENKaGJHY2lPaUpJVXpJMU5pSjkuZXlKMmFXUWlPaUkwTWpBMU9EQTJJaXdpYVhOeklqb2lSVnB0Y2xJMFJYWTFlRmx1VFdaa1lsazFWRkJqTjI1aFMyMTVNekpOUzNBaUxDSmxlSEFpT2pFMU9USTJNVFk0TVROOS5ySzZsT2lMMFZ5NGVhUnhqZHBMb1Y1N1pjbVNHUndXbEh4d19zejhrQ1ZBIn0%3D""  width =""640"" height=""360""></iframe>",https://www.kron4.com/news/bay-area/concord-police-release-new-body-cam-footage-of-deadly-officer-involved-shooting/
4401,,,,"<style>.mcclatchy-embed{position:relative;padding:40px 0 56.25%;height:0;overflow:hidden;max-width:100%}.mcclatchy-embed iframe{position:absolute;top:0;left:0;width:100%;height:100%}</style><div class=""mcclatchy-embed""><iframe src=""https://www.charlotteobserver.com/latest-news/article229268154.html/video-embed"" width=""640"" height=""400"" frameborder=""0"" allowfullscreen=""true""></iframe></div>",https://www.charlotteobserver.com/news/local/crime/article224676825.html
4855,,,,,https://www.desmoinesregister.com/story/news/crime-and-courts/2019/07/05/west-des-moines-police-fatal-shooting-domestic-officer-involved-jonathan-pingel-substance-abuse/1653380001/
4432,,https://i.imgur.com/xKwaT5M.png,,,https://www.azcentral.com/story/news/local/arizona-breaking/2019/02/08/henry-harold-russell-shot-dead-flagstaff-officer-released-idaho-prison-child-sex-abuse-conviction/2811338002/
4940,,,,,https://www.newsbreak.com/tennessee/clinton/news/0P08c3T0/officers-authorized-to-use-lethal-force-in-shooting-that-killed-clinton-man
5124,,,,"<iframe scrolling=""no"" frameborder=""0"" allowfullscreen webkitallowfullscreen mozallowfullscreen allow=""autoplay; fullscreen"" src=""https://w3.cdn.anvato.net/player/prod/v3/anvload.html?key=eyJtIjoiTElOIiwidiI6IjQwNDg4MjAiLCJhbnZhY2siOiJSYXdrNUFhUGplMTBjUm9WamZ6T2NrZEIzS1EwZG5ENiIsInNoYXJlTGluayI6Imh0dHBzOi8vd3d3LndqaGwuY29tL25ld3MvcmVnaW9uYWwvdGVubmVzc2VlL3N1c3BlY3Qta2lsbGVkLWRlcHV0eS1pbmp1cmVkLWluLWhhbWJsZW4tY291bnR5LW9mZmljZXItaW52b2x2ZWQtc2hvb3RpbmcvIiwicGx1Z2lucyI6eyJjb21zY29yZSI6eyJjbGllbnRJZCI6IjYwMzY0MzkiLCJjMyI6IndqaGwuY29tIiwic2NyaXB0IjoiLy93My5jZG4uYW52YXRvLm5ldC9wbGF5ZXIvcHJvZC92My9wbHVnaW5zL2NvbXNjb3JlL2NvbXNjb3JlcGx1Z2luLm1pbi5qcyIsInVzZURlcml2ZWRNZXRhZGF0YSI6dHJ1ZSwibWFwcGluZyI6eyJ2aWRlbyI6eyJjMyI6IndqaGwuY29tIiwibnNfc3Rfc3QiOiJ3amhsIiwibnNfc3RfcHUiOiJOZXhzdGFyIiwibnNfc3RfZ2UiOiJOZXdzIn0sImFkIjp7ImMzIjoid2pobC5jb20iLCJuc19zdF9zdCI6IndqaGwiLCJuc19zdF9wdSI6Ik5leHN0YXIiLCJuc19zdF9nZSI6Ik5ld3MifX19LCJkZnAiOnsiY2xpZW50U2lkZSI6eyJhZFRhZ1VybCI6Imh0dHBzOi8vcHViYWRzLmcuZG91YmxlY2xpY2submV0L2dhbXBhZC9hZHM%2Fc3o9MXgxMDAwJml1PS81Njc4L21nLndqaGwvbmV3cy9yZWdpb25hbC90ZW5uZXNzZWUmaW1wbD1zJmdkZnBfcmVxPTEmZW52PXZwJm91dHB1dD12bWFwJnVudmlld2VkX3Bvc2l0aW9uX3N0YXJ0PTEmdmlkPXNob3J0X29uZWN1ZSZjbXNpZD0xMjM0JnVybD1odHRwczovL3d3dy53amhsLmNvbS9uZXdzL3JlZ2lvbmFsL3Rlbm5lc3NlZS9zdXNwZWN0LWtpbGxlZC1kZXB1dHktaW5qdXJlZC1pbi1oYW1ibGVuLWNvdW50eS1vZmZpY2VyLWludm9sdmVkLXNob290aW5nLyZjaXVfc3pzPTcyOHg5MCwzMDB4MjUwJmFkX3J1bGU9MSZkZXNjcmlwdGlvbl91cmw9aHR0cHM6Ly93d3cud2pobC5jb20vbmV3cy9yZWdpb25hbC90ZW5uZXNzZWUvc3VzcGVjdC1raWxsZWQtZGVwdXR5LWluanVyZWQtaW4taGFtYmxlbi1jb3VudHktb2ZmaWNlci1pbnZvbHZlZC1zaG9vdGluZy8mY3VzdF9wYXJhbXM9dmlkJTNENDA0ODgyMCUyNmNtc2lkJTNEMjM1ODI4JTI2cGlkJTNEMjM1ODI4JTI2dmlkY2F0JTNEJTJGbmV3cyUyRnJlZ2lvbmFsJTJGdGVubmVzc2VlJTI2Ym9iX2NrJTNEJTVCYm9iX2NrX3ZhbCU1RCUyNmRfY29kZSUzRG5hMDAzJTI2cGxheWVyd2lkdGglM0Q2NTklMjZwbGF5ZXJoZWlnaHQlM0QzNzEifSwibGlicmFyeVJlcXVlc3RlZCI6dHJ1ZX0sImdvb2dsZUFuYWx5dGljcyI6eyJ0cmFja2luZ0lkIjoiVUEtNjAwODg5NTItMTMiLCJldmVudHMiOnsiQURfU1RBUlRFRCI6eyJhbGlhcyI6IlZpZGVvLUFkIiwiY2F0ZWdvcnkiOiJWaWRlbyIsImxhYmVsIjoiW1tUSVRMRV1dIn0sIlZJREVPX1NUQVJURUQiOnsiYWxpYXMiOiJWaWRlby1QbGF5IiwiY2F0ZWdvcnkiOiJWaWRlbyIsImxhYmVsIjoiW1tUSVRMRV1dIn0sIlZJREVPX0ZJUlNUX1FVQVJUSUxFIjp7ImFsaWFzIjoiVmlkZW8tMjUlIiwiY2F0ZWdvcnkiOiJWaWRlbyIsImxhYmVsIjoiW1tUSVRMRV1dIn0sIlZJREVPX01JRF9QT0lOVCI6eyJhbGlhcyI6IlZpZGVvLTUwJSIsImNhdGVnb3J5IjoiVmlkZW8iLCJsYWJlbCI6IltbVElUTEVdXSJ9LCJWSURFT19USElSRF9RVUFSVElMRSI6eyJhbGlhcyI6IlZpZGVvLTc1JSIsImNhdGVnb3J5IjoiVmlkZW8iLCJsYWJlbCI6IltbVElUTEVdXSJ9LCJWSURFT19DT01QTEVURUQiOnsiYWxpYXMiOiJWaWRlby0xMDAlIiwiY2F0ZWdvcnkiOiJWaWRlbyIsImxhYmVsIjoiW1tUSVRMRV1dIn0sIlVTRVJfUEFVU0UiOnsiYWxpYXMiOiJQYXVzZSIsImNhdGVnb3J5IjoiVmlkZW8iLCJsYWJlbCI6IltbVElUTEVdXSJ9LCJVU0VSX1JFU1VNRSI6eyJhbGlhcyI6IlJlc3VtZSIsImNhdGVnb3J5IjoiVmlkZW8iLCJsYWJlbCI6IltbVElUTEVdXSJ9fX0sImhlYWx0aEFuYWx5dGljcyI6e319LCJodG1sNSI6dHJ1ZSwidG9rZW4iOiJleUowZVhBaU9pSktWMVFpTENKaGJHY2lPaUpJVXpJMU5pSjkuZXlKMmFXUWlPaUkwTURRNE9ESXdJaXdpYVhOeklqb2lVbUYzYXpWQllWQnFaVEV3WTFKdlZtcG1lazlqYTJSQ00wdFJNR1J1UkRZaUxDSmxlSEFpT2pFMU9USTJNVGMwTnpoOS5yenFyYlJ6SEJDNGN3V1NVOW8zUS1WeUsxYi1EV3NvNHI4THIzby00d2NzIn0%3D""  width =""640"" height=""360""></iframe>",https://www.wate.com/news/suspect-killed-deputy-injured-in-hamblen-county-officer-involved-shooting/
4483,,,,"<style>.mcclatchy-embed{position:relative;padding:40px 0 56.25%;height:0;overflow:hidden;max-width:100%}.mcclatchy-embed iframe{position:absolute;top:0;left:0;width:100%;height:100%}</style><div class=""mcclatchy-embed""><iframe src=""https://www.sunherald.com/news/local/crime/article215841640.html/video-embed"" width=""640"" height=""400"" frameborder=""0"" allowfullscreen=""true""></iframe></div>",https://www.sunherald.com/latest-news/article225914200.html
4846,,,vGNFqBsw8j8,,https://www.baltimoresun.com/news/crime/bs-md-co-cr-mccampbell-kareem-morgan-20170724-20190724-hoc4fp4eufadfjae6h2dezaguy-story.html
4809,,,O1C_AB2ElFk,,https://www.mysanantonio.com/news/local/article/Traffic-snarled-on-Interstate-37-South-near-the-14045144.php
4517,,,,"<style>.mcclatchy-embed{position:relative;padding:40px 0 56.25%;height:0;overflow:hidden;max-width:100%}.mcclatchy-embed iframe{position:absolute;top:0;left:0;width:100%;height:100%}</style><div class=""mcclatchy-embed""><iframe src=""https://www.sacbee.com/news/local/crime/article224564515.html/video-embed"" width=""640"" height=""400"" frameborder=""0"" allowfullscreen=""true""></iframe></div>",https://www.kcra.com/article/wanted-stabbing-suspect-detained-after-shooting-vacaville-police-say/25898090#
4806,,https://i.imgur.com/feyebxt.png,,"<style>.mcclatchy-embed{position:relative;padding:40px 0 56.25%;height:0;overflow:hidden;max-width:100%}.mcclatchy-embed iframe{position:absolute;top:0;left:0;width:100%;height:100%}</style><div class=""mcclatchy-embed""><iframe src=""https://www.idahostatesman.com/news/local/article214096774.html/video-embed"" width=""640"" height=""400"" frameborder=""0"" allowfullscreen=""true""></iframe></div>",https://www.ktsm.com/news/national/man-killed-by-rangers-at-big-sur-trail-was-murder-suspect/
4604,,,,"<iframe src=""https://www.facebook.com/plugins/video.php?href=https%3A%2F%2Fwww.facebook.com%2FFOX8NOLA%2Fvideos%2F445181356022373%2F&show_text=0&width=560"" width=""560"" height=""315"" style=""border:none;overflow:hidden"" scrolling=""no"" frameborder=""0"" allowTransparency=""true"" allowFullScreen=""true""></iframe>",https://www.fox8live.com/2019/03/28/family-members-demand-justice-following-jefferson-parish-drug-bust-shooting/
5458,,,,,https://www.rgj.com/story/news/local/mason-valley/2019/12/13/investigation-results-still-pending-lyon-county-deaths/2640346001/
4515,,,,,https://wcfcourier.com/news/local/crime-and-courts/update-man-shot-by-cops-in-highway-218-incident-was-from-minneapolis/article_e135ef16-c2ae-5c71-9524-caeb7d5a2a02.html
4531,,https://i.imgur.com/FARcTvZ.png,9bbIRchdHIw,,https://www.kplctv.com/2019/02/27/fatal-officer-involved-shooting-deridder/
5439,,,,"<iframe width=""640"" height=""360"" frameborder=""0"" marginheight=""0"" marginwidth=""0"" src=""http://cbs12.com/embed/news/local/fatal-shooting-outside-mosque-in-fort-lauderdale-report"" ></iframe>",
5001,,https://i.imgur.com/PBFfM48.png,,"<iframe src=""https://www.facebook.com/plugins/video.php?href=https%3A%2F%2Fwww.facebook.com%2FLanayaLewisTV%2Fvideos%2F503852313778109%2F&show_text=0&width=560"" width=""560"" height=""315"" style=""border:none;overflow:hidden"" scrolling=""no"" frameborder=""0"" allowTransparency=""true"" allowFullScreen=""true""></iframe>",https://www.wlox.com/2019/08/31/one-dead-officer-involved-shooting-after-chase-highway-florence/
4565,,,112xENJ0uKY,,
4574,,https://i.imgur.com/om6PW7B.png,Ljp8S5q8bIE,,
4551,,,,,https://www.theolympian.com/news/local/crime/article227174724.html
5416,,,ko5r9Z0bv2A,,
4635,,https://i.imgur.com/9evWHLZ.png,1Cr6poUvhv8,,
5388,,https://i.imgur.com/P22Bmuv.png,wT1DFGvv3r0,,
5092,,,,"<iframe scrolling=""no"" frameborder=""0"" allowfullscreen webkitallowfullscreen mozallowfullscreen allow=""autoplay; fullscreen"" src=""https://w3.cdn.anvato.net/player/prod/v3/anvload.html?key=eyJtIjoiQU5WIiwidiI6IjQ4MDIzMDAiLCJhbnZhY2siOiJZVmRua0FYcFl4ZEo4czl4THhVZWVTT1c5VjlBTGxKOSIsInNoYXJlTGluayI6Imh0dHBzOi8vd3d3LmtvYi5jb20vYWxidXF1ZXJxdWUtbmV3cy9hcGQtcmVsZWFzZXMtZGV0YWlscy1hYm91dC0yLXBvbGljZS1zaG9vdGluZ3MvNTU3MjY0MC8iLCJwbHVnaW5zIjp7Imdvb2dsZUFuYWx5dGljcyI6eyJ0cmFja2luZ0lkIjoiVUEtNDQyNzU5Ni0xIiwiZXZlbnRzIjp7IkFEX1NUQVJURUQiOiJBZCBTdGFydGVkIiwiQURfQ09NUExFVEVEIjoiQWQgQ29tcGxldGVkIiwiVklERU9fU1RBUlRFRCI6IlZpZGVvIFN0YXJ0ZWQiLCJWSURFT19DT01QTEVURUQiOiJWaWRlbyBDb21wbGV0ZWQifX0sImZyZWV3aGVlbCI6eyJzZXJ2ZXJTaWRlIjp7Im5ldHdvcmtJZCI6IjUxMTk3NSIsInByb2ZpbGVJZCI6IjUxMTk3NTpIdWJiYXJkX0hUTUxfVk9EIiwic2l0ZVNlY3Rpb25JZCI6ImtvYl9kZXNrdG9wd2ViIiwidmlkZW9Bc3NldElkIjoiNDgwMjMwMCIsImN1c3RvbSI6eyJmd19zZmlkIjoiU2l0ZVNlY3Rpb25GYWxsQmFja0lkIiwiX2Z3X3BsYXllcl93aWR0aCI6IjY0MCIsIl9md19wbGF5ZXJfaGVpZ2h0IjoiMzUwIiwiX2Z3X2hfcmVmZXJlciI6Imh0dHBzJTNBJTJGJTJGd3d3LmtvYi5jb20lMkZhbGJ1cXVlcnF1ZS1uZXdzJTJGYXBkLXJlbGVhc2VzLWRldGFpbHMtYWJvdXQtMi1wb2xpY2Utc2hvb3RpbmdzJTJGNTU3MjY0MCUyRiJ9fX0sImhlYWx0aEFuYWx5dGljcyI6e319LCJodG1sNSI6dHJ1ZSwidG9rZW4iOiIgIn0%3D""  width =""640"" height=""360""></iframe>",
4723,,https://i.imgur.com/4QmWbCP.png,,"<iframe scrolling=""no"" frameborder=""0"" allowfullscreen webkitallowfullscreen mozallowfullscreen allow=""autoplay; fullscreen"" src=""https://w3.cdn.anvato.net/player/prod/v3/anvload.html?key=eyJtIjoiTElOIiwidiI6IjQ3MjA4OTIiLCJhbnZhY2siOiJidkowZFFwQmVrYUR3U0dqdllTZDloMjdnVlI0UndwUCIsInNoYXJlTGluayI6Imh0dHBzOi8va2Zvci5jb20vbmV3cy9kYXNoLWNhbS12aWRlby1zaG93cy1tb21lbnRzLXN1cnJvdW5kaW5nLWRlYWRseS1zaG9vdGluZy1vZi1hLXdvbWFuLWJ5LWEtYmxhY2t3ZWxsLW9mZmljZXIvIiwicGx1Z2lucyI6eyJjb21zY29yZSI6eyJjbGllbnRJZCI6IjYwMzY0MzkiLCJjMyI6Imtmb3IuY29tIiwic2NyaXB0IjoiLy93My5jZG4uYW52YXRvLm5ldC9wbGF5ZXIvcHJvZC92My9wbHVnaW5zL2NvbXNjb3JlL2NvbXNjb3JlcGx1Z2luLm1pbi5qcyIsInVzZURlcml2ZWRNZXRhZGF0YSI6dHJ1ZSwibWFwcGluZyI6eyJ2aWRlbyI6eyJjMyI6Imtmb3IuY29tIiwibnNfc3Rfc3QiOiJrZm9yIiwibnNfc3RfcHUiOiJOZXhzdGFyIiwibnNfc3RfZ2UiOiJPb3lhbGEgTWlncmF0ZWQifSwiYWQiOnsiYzMiOiJrZm9yLmNvbSIsIm5zX3N0X3N0Ijoia2ZvciIsIm5zX3N0X3B1IjoiTmV4c3RhciIsIm5zX3N0X2dlIjoiT295YWxhIE1pZ3JhdGVkIn19fSwiZGZwIjp7ImNsaWVudFNpZGUiOnsiYWRUYWdVcmwiOiJodHRwczovL3B1YmFkcy5nLmRvdWJsZWNsaWNrLm5ldC9nYW1wYWQvYWRzP3N6PTF4MTAwMCZpdT0vNTY3OC9ueC5rZm9yL2Rhc2hfY2FtX3ZpZGVvX3Nob3dzX21vbWVudHNfc3Vycm91bmRpbmdfZGVhZGx5X3Nob290aW5nX29mX2Ffd29tYW5fYnlfYV9ibGFja3dlbGxfb2ZmaWNlciZpbXBsPXMmZ2RmcF9yZXE9MSZlbnY9dnAmb3V0cHV0PXZtYXAmdW52aWV3ZWRfcG9zaXRpb25fc3RhcnQ9MSZ2aWQ9c2hvcnRfb25lY3VlJmNtc2lkPTEyMzQmdXJsPWh0dHBzOi8va2Zvci5jb20vbmV3cy9kYXNoLWNhbS12aWRlby1zaG93cy1tb21lbnRzLXN1cnJvdW5kaW5nLWRlYWRseS1zaG9vdGluZy1vZi1hLXdvbWFuLWJ5LWEtYmxhY2t3ZWxsLW9mZmljZXIvJmNpdV9zenM9NzI4eDkwLDMwMHgyNTAmYWRfcnVsZT0xJmRlc2NyaXB0aW9uX3VybD1odHRwczovL2tmb3IuY29tL25ld3MvZGFzaC1jYW0tdmlkZW8tc2hvd3MtbW9tZW50cy1zdXJyb3VuZGluZy1kZWFkbHktc2hvb3Rpbmctb2YtYS13b21hbi1ieS1hLWJsYWNrd2VsbC1vZmZpY2VyLyZjdXN0X3BhcmFtcz12aWQlM0Q0NzIwODkyJTI2Y21zaWQlM0Q5MTE4ODQlMjZwaWQlM0Q5MTE4ODQlMjZ2aWRjYXQlM0QlMkZkYXNoX2NhbV92aWRlb19zaG93c19tb21lbnRzX3N1cnJvdW5kaW5nX2RlYWRseV9zaG9vdGluZ19vZl9hX3dvbWFuX2J5X2FfYmxhY2t3ZWxsX29mZmljZXIlMjZib2JfY2slM0QlNUJib2JfY2tfdmFsJTVEJTI2ZF9jb2RlJTNEbmEwMDMlMjZwbGF5ZXJ3aWR0aCUzRDY1OSUyNnBsYXllcmhlaWdodCUzRDM3MSJ9LCJsaWJyYXJ5UmVxdWVzdGVkIjp0cnVlfSwiZ29vZ2xlQW5hbHl0aWNzIjp7InRyYWNraW5nSWQiOiJVQS0yNzAxOTE1Ny0xIiwiZXZlbnRzIjp7IkFEX1NUQVJURUQiOnsiYWxpYXMiOiJWaWRlby1BZCIsImNhdGVnb3J5IjoiVmlkZW8iLCJsYWJlbCI6IltbVElUTEVdXSJ9LCJWSURFT19TVEFSVEVEIjp7ImFsaWFzIjoiVmlkZW8tUGxheSIsImNhdGVnb3J5IjoiVmlkZW8iLCJsYWJlbCI6IltbVElUTEVdXSJ9LCJWSURFT19GSVJTVF9RVUFSVElMRSI6eyJhbGlhcyI6IlZpZGVvLTI1JSIsImNhdGVnb3J5IjoiVmlkZW8iLCJsYWJlbCI6IltbVElUTEVdXSJ9LCJWSURFT19NSURfUE9JTlQiOnsiYWxpYXMiOiJWaWRlby01MCUiLCJjYXRlZ29yeSI6IlZpZGVvIiwibGFiZWwiOiJbW1RJVExFXV0ifSwiVklERU9fVEhJUkRfUVVBUlRJTEUiOnsiYWxpYXMiOiJWaWRlby03NSUiLCJjYXRlZ29yeSI6IlZpZGVvIiwibGFiZWwiOiJbW1RJVExFXV0ifSwiVklERU9fQ09NUExFVEVEIjp7ImFsaWFzIjoiVmlkZW8tMTAwJSIsImNhdGVnb3J5IjoiVmlkZW8iLCJsYWJlbCI6IltbVElUTEVdXSJ9LCJVU0VSX1BBVVNFIjp7ImFsaWFzIjoiUGF1c2UiLCJjYXRlZ29yeSI6IlZpZGVvIiwibGFiZWwiOiJbW1RJVExFXV0ifSwiVVNFUl9SRVNVTUUiOnsiYWxpYXMiOiJSZXN1bWUiLCJjYXRlZ29yeSI6IlZpZGVvIiwibGFiZWwiOiJbW1RJVExFXV0ifX19LCJoZWFsdGhBbmFseXRpY3MiOnt9fSwiaHRtbDUiOnRydWUsInRva2VuIjoiZXlKMGVYQWlPaUpLVjFRaUxDSmhiR2NpT2lKSVV6STFOaUo5LmV5SjJhV1FpT2lJME56SXdPRGt5SWl3aWFYTnpJam9pWW5aS01HUlJjRUpsYTJGRWQxTkhhblpaVTJRNWFESTNaMVpTTkZKM2NGQWlMQ0psZUhBaU9qRTFPVEkyTnprek5qSjkua2pRTVU4NkRsbFhfMURBS3JCdk9IZGNoRVBkN2pfOGlwMUpvNTFXS1hZNCJ9""  width =""640"" height=""360""></iframe>",
4921,,,G8Oyo-18wm8,,
5275,,,K-q9imelpSI,,
4873,,,,"<iframe title=""BAXTERBULLETIN-Embed Player"" width=""540"" height=""350"" frameborder=""0"" scrolling=""no"" allowfullscreen=""true"" marginheight=""0"" marginwidth=""0"" src=""https://uw-media.baxterbulletin.com/embed/video/1781840001?placement=snow-embed""></iframe>",
4952,,https://i.imgur.com/rmtyGuj.png,,,
4472,,,r19BnXxYM_E,,
4686,,https://i.imgur.com/edc3QfD.png,24E_GiQ1gMo,,
5290,,,,"<iframe src=""https://www.facebook.com/plugins/video.php?href=https%3A%2F%2Fwww.facebook.com%2FKeahiTucker%2Fvideos%2F1231345003716853%2F&show_text=0&width=560"" width=""560"" height=""315"" style=""border:none;overflow:hidden"" scrolling=""no"" frameborder=""0"" allowTransparency=""true"" allowFullScreen=""true""></iframe>",
4626,,,YT_2DTMbjeY,,
4473,,,,"<iframe src=""https://www.facebook.com/plugins/video.php?href=https%3A%2F%2Fwww.facebook.com%2FCW23tv%2Fvideos%2F642195142890095%2F&show_text=0&width=560"" width=""560"" height=""315"" style=""border:none;overflow:hidden"" scrolling=""no"" frameborder=""0"" allowTransparency=""true"" allowFullScreen=""true""></iframe>",
4835,,https://i.imgur.com/rf1BLnB.png,,,
4456,,,,"<iframe src=""https://www.facebook.com/plugins/video.php?href=https%3A%2F%2Fwww.facebook.com%2Fchannel5news%2Fvideos%2F248608902681595%2F&show_text=0&width=560"" width=""560"" height=""315"" style=""border:none;overflow:hidden"" scrolling=""no"" frameborder=""0"" allowTransparency=""true"" allowFullScreen=""true""></iframe>",
4859,,https://i.imgur.com/nVGW2l7.png,,"<iframe title=""USATODAY- Embed Player"" width=""540"" height=""350"" frameborder=""0"" scrolling=""no"" allowfullscreen=""true"" marginheight=""0"" marginwidth=""0"" src=""https://uw-media.usatoday.com/embed/video/3682637002?placement=snow-embed""></iframe>",
5491,,https://i.imgur.com/Q48Epem.png,,,
4663,,,NKx_JJJMclY,,
5234,,https://i.imgur.com/bt5cO3L.png,,,
4792,,,,"<blockquote class=""twitter-tweet""><p lang=""en"" dir=""ltr"">Dramatic video reveals what led up to a police officer shooting and killing a man inside a Renton bar. <a href=""https://twitter.com/JessicaKIRO7?ref_src=twsrc%5Etfw"">@JessicaKIRO7</a> walks us through the preliminary Valley Investigative Team report into why 20-year-old Mantry Norris was killed. <a href=""https://t.co/wy6gJsZmpk"">pic.twitter.com/wy6gJsZmpk</a></p>&mdash; Dave Wagner (@DaveKIRO7) <a href=""https://twitter.com/DaveKIRO7/status/1141575109057994752?ref_src=twsrc%5Etfw"">June 20, 2019</a></blockquote> <script async src=""https://platform.twitter.com/widgets.js"" charset=""utf-8""></script>",
4989,,,Q7ZFchfSeIk,,
4914,,https://i.imgur.com/mMlvPzU.png,,"<iframe src=""https://www.facebook.com/plugins/video.php?href=https%3A%2F%2Fwww.facebook.com%2Fwreg3%2Fvideos%2F409075856380001%2F&show_text=0&width=560"" width=""560"" height=""315"" style=""border:none;overflow:hidden"" scrolling=""no"" frameborder=""0"" allowTransparency=""true"" allowFullScreen=""true""></iframe>",
4702,,https://i.imgur.com/0UODycr.png,IXxiCDOnwzE,,
4726,,https://i.imgur.com/JlpDrUh.png,LMsbyiMUnWc,,
4343,,,,"<blockquote class=""twitter-tweet""><p lang=""en"" dir=""ltr"">SCSO spokesperson Anthony Buckner just spoke to media. He said officers were trying to execute an arrest warrant. The person was shot multiple times during an exchange of gunfire: <a href=""https://t.co/cY8TirNwn9"">pic.twitter.com/cY8TirNwn9</a></p>&mdash; Phillip Jackson (@phillej_) <a href=""https://twitter.com/phillej_/status/1093655565954416643?ref_src=twsrc%5Etfw"">February 7, 2019</a></blockquote> <script async src=""https://platform.twitter.com/widgets.js"" charset=""utf-8""></script>",
4861,,,knWxf8kkDP4,,
4595,,,,"<iframe src=""https://www.facebook.com/plugins/video.php?href=https%3A%2F%2Fwww.facebook.com%2Fabcnews4%2Fvideos%2F3231372870259631%2F&show_text=0&width=560"" width=""560"" height=""315"" style=""border:none;overflow:hidden"" scrolling=""no"" frameborder=""0"" allowTransparency=""true"" allowFullScreen=""true""></iframe>",
4581,,,,"<style>.mcclatchy-embed{position:relative;padding:40px 0 56.25%;height:0;overflow:hidden;max-width:100%}.mcclatchy-embed iframe{position:absolute;top:0;left:0;width:100%;height:100%}</style><div class=""mcclatchy-embed""><iframe src=""https://www.centredaily.com/news/article230186524.html/video-embed"" width=""640"" height=""400"" frameborder=""0"" allowfullscreen=""true""></iframe></div>",
5052,,,LtxcNYzQwtM,,
4836,,https://i.imgur.com/1vp0Ydn.png,,,
4809,,https://i.imgur.com/LSTihiy.png,,,
4730,,,PIWgTqxsdRI,,
4796,,,,"<iframe frameborder=""0"" marginheight=""0"" scrolling=""no"" width=""560px"" height=""315px"" allowfullscreen="""" allow=""autoplay; fullscreen"" src=""https://play.syndicaster.tv/v1/widgets/80caa170-9b9c-0133-8f53-7a163e5e80da/player.html?vid=7575416&amp;volume=100&amp;plid=16890&amp;autostart=false&amp;autonext=false&amp;share_link=https%3A%2F%2Fwww.onenewspage.us%2Fvideo%2F20191015%2F12369255%2FMORNING-SPRINT-OCTOBER-15.htm"" style=""overflow: hidden; width: 560px; height: 315px;""></iframe>",
4462,,https://i.imgur.com/edv8VoA.png,,,
5199,,https://i.imgur.com/Xw0pQY1.png,,,
4569,,,Ff7a6hQgIeQ,,
4864,,,rZ95S0kmv_8,,
4638,,,YfJgmzJPubg,,
